[
  {
    "employeeID": 11523,
    "firstName": "Md. Imriaz",
    "lastName": "Uddin",
    "company": "BJIT",
    "designation": "Software Engineer",
    "email": "imriaz.uddin@bjitgroup.com"
  },
  {
    "employeeID": 11524,
    "firstName": "Md. Shakhawat",
    "lastName": "Hossain",
    "company": "BJIT",
    "designation": "Software Engineer",
    "email": "shakhawat.hossain@bjitgroup.com"
  },
  {
    "employeeID": 11532,
    "firstName": "Tasnuba",
    "lastName": "Sraboni",
    "company": "BJIT",
    "designation": "Software Engineer",
    "email": "tasnuba.sraboni@bjitgroup.com"
  },
  {
    "employeeID": 11524,
    "firstName": "Md. Taufikur",
    "lastName": "Rahman",
    "company": "BJIT",
    "designation": "Software Engineer",
    "email": "taufikur.rahman@bjitgroup.com"
  }
]
